,diagnosis,disparate_impact,statistical_parity_difference,DIDI
0,0,2.6923076923076925,0.09670329670329672,0.05096525096525097
1,1,4.428571428571429,0.11059907834101382,0.05865102639296188
2,2,0.9629629629629629,-0.008547008547008572,0.0049627791563275625
3,3,1.2857142857142858,0.0380952380952381,0.020512820512820523
4,4,4.705882352941176,0.18529411764705883,0.11666666666666665
5,5,3.9473684210526314,0.11789473684210525,0.0711111111111111
6,6,3.5,0.15151515151515152,0.07575757575757575
