,diagnosis,disparate_impact,statistical_parity_difference,DIDI
0,0,1.12,0.008571428571428577,
1,1,0.0,-0.2571428571428571,
2,2,0.375,-0.1388888888888889,
3,3,0.13306451612903225,-0.2101661779081134,
4,4,1.2333333333333334,0.03783783783783784,
5,5,0.6352941176470588,-0.05065359477124183,
6,6,1.7027027027027029,0.0780780780780781,
