,diagnosis,disparate_impact,statistical_parity_difference,DIDI
0,0,1.0769230769230769,0.019230769230769218,
1,1,0.7218045112781954,-0.060855263157894746,
2,2,0.9166666666666666,-0.01010101010101011,
3,3,1.0526315789473684,0.010526315789473661,
4,4,1.0666666666666667,0.008333333333333331,
5,5,0.78125,-0.04375000000000001,
6,6,0.5714285714285714,-0.08035714285714286,
