,diagnosis,disparate_impact,statistical_parity_difference,DIDI
0,0,0.0,-0.15,0.06999999999999999
1,1,8.571428571428571,0.37857142857142856,0.17666666666666664
2,2,0.326530612244898,-0.11785714285714285,0.05499999999999999
3,3,inf,0.05714285714285714,0.02666666666666667
4,4,0.0,-0.175,0.08166666666666665
5,5,8.571428571428571,0.37857142857142856,0.17666666666666664
6,6,5.142857142857142,0.20714285714285713,0.09666666666666666
